{"control": {"sendMessage": [{"onMessage": [[{"id": "olKXlU0d", "inletIndex": 0}, {"id": "no3BbprJ", "inletIndex": 0}]], "id": "NvwNX8kJ"}, {"onMessage": [[{"id": "NvwNX8kJ", "inletIndex": 1}]], "id": "olKXlU0d"}, {"onMessage": [[{"id": "eol3Hhva", "inletIndex": 0}]], "id": "BmiQm1vn"}, {"onMessage": [[{"id": "q5QF1hVG", "inletIndex": 0}]], "id": "no3BbprJ"}, {"onMessage": [[{"id": "1TlhfSSA", "inletIndex": 0}]], "id": "iLue5QlJ"}, {"onMessage": [[{"id": "A6FvTiy4", "inletIndex": 0}]], "id": "q5QF1hVG"}, {"onMessage": [[{"id": "Jth1ANyg", "inletIndex": 0}, {"id": "Hux1Qan8", "inletIndex": 0}]], "id": "h39eYHOh"}, {"onMessage": [[{"id": "Jth1ANyg", "inletIndex": 0}]], "id": "VZOwTwt2"}, {"onMessage": [[{"id": "zxEqQcCp", "inletIndex": 0}]], "id": "X3aczEul"}, {"onMessage": [[{"id": "NvwNX8kJ", "inletIndex": 0}]], "id": "ylaj6x4M"}, {"onMessage": [[{"id": "6Waf0O7N", "inletIndex": 0}]], "id": "KBuhISrH"}, {"onMessage": [[{"id": "2MhvddCb", "inletIndex": 1}]], "id": "hehk0wd8"}, {"onMessage": [[{"id": "zxEqQcCp", "inletIndex": 0}]], "id": "AyOLZXaP"}, {"onMessage": [[{"id": "PG1mK3q2", "inletIndex": 0}]], "id": "A6FvTiy4"}, {"onMessage": [[{"id": "fCmLp9QK", "inletIndex": 0}]], "id": "bILoWdVy"}, {"onMessage": [[{"id": "T2hO66Tg", "inletIndex": 0}, {"id": "1hE7kTUl", "inletIndex": 0}]], "id": "fCmLp9QK"}, {"onMessage": [[{"id": "35a48ADo", "inletIndex": 0}]], "id": "T2hO66Tg"}, {"onMessage": [[{"id": "PG1mK3q2", "inletIndex": 1}]], "id": "qupyOTUc"}, {"onMessage": [[{"id": "qupyOTUc", "inletIndex": 0}]], "id": "1l2oS9Kt"}, {"onMessage": [[{"id": "bILoWdVy", "inletIndex": 0}]], "id": "PG1mK3q2"}, {"onMessage": [[{"id": "aYQkucnI", "inletIndex": 0}]], "id": "u8gDAcaP"}, {"onMessage": [[{"id": "1l2oS9Kt", "inletIndex": 0}]], "id": "aYQkucnI"}, {"onMessage": [[{"id": "elHoHsOb", "inletIndex": 0}], [{"id": "elHoHsOb", "inletIndex": 0}, {"id": "GYpFbLac", "inletIndex": 1}, {"id": "hXaatIvf", "inletIndex": 0}]], "id": "Hf6zuQ4R"}, {"onMessage": [[{"id": "GYpFbLac", "inletIndex": 0}]], "id": "hXaatIvf"}, {"onMessage": [[{"id": "GYpFbLac", "inletIndex": 0}]], "id": "elHoHsOb"}, {"onMessage": [[{"id": "2MhvddCb", "inletIndex": 0}]], "id": "GYpFbLac"}, {"onMessage": [[{"id": "QajiopOH", "inletIndex": 0}]], "id": "pO9HE0M8"}, {"onMessage": [[{"id": "QajiopOH", "inletIndex": 0}]], "id": "2MhvddCb"}, {"onMessage": [[{"id": "pO9HE0M8", "inletIndex": 0}, {"id": "Hf6zuQ4R", "inletIndex": 0}]], "id": "aG5K7LMj"}, {"onMessage": [[{"id": "7aNJeyBk", "inletIndex": 0}]], "id": "zxEqQcCp"}, {"onMessage": [[{"id": "u8gDAcaP", "inletIndex": 0}, {"id": "A6FvTiy4", "inletIndex": 0}, {"id": "hehk0wd8", "inletIndex": 0}, {"id": "iLue5QlJ", "inletIndex": 0}, {"id": "HDENviYB", "inletIndex": 0}, {"id": "VZOwTwt2", "inletIndex": 0}]], "id": "ZcAprHXR"}, {"onMessage": [[{"id": "qbcn11JV", "inletIndex": 0}]], "id": "14DFN8lv"}, {"onMessage": [[{"id": "Jjqd07GE", "inletIndex": 1}]], "id": "eol3Hhva"}, {"onMessage": [[{"id": "ylaj6x4M", "inletIndex": 0}]], "id": "hPiFQeou"}, {"onMessage": [[{"id": "1BHQa88z", "inletIndex": 0}]], "id": "Jjqd07GE"}, {"onMessage": [[{"id": "CqM7t59s", "inletIndex": 0}, {"id": "PUP2bKOY", "inletIndex": 0}]], "id": "dvI2xwm7"}, {"onMessage": [[{"id": "NSsFGi63", "inletIndex": 0}]], "id": "XwolqAcg"}, {"onMessage": [[{"id": "NSsFGi63", "inletIndex": 0}]], "id": "5VuGgmK9"}, {"onMessage": [[{"id": "XwolqAcg", "inletIndex": 0}], [{"id": "XwolqAcg", "inletIndex": 0}, {"id": "NSsFGi63", "inletIndex": 1}, {"id": "5VuGgmK9", "inletIndex": 0}]], "id": "PUP2bKOY"}, {"onMessage": [[{"id": "Jjqd07GE", "inletIndex": 0}]], "id": "NSsFGi63"}, {"onMessage": [[{"id": "1BHQa88z", "inletIndex": 0}]], "id": "CqM7t59s"}, {"onMessage": [[{"id": "h39eYHOh", "inletIndex": 1}]], "id": "Jth1ANyg"}, {"onMessage": [[{"id": "6Waf0O7N", "inletIndex": 0}]], "id": "M4c9nSRh"}, {"onMessage": [[{"id": "6Waf0O7N", "inletIndex": 0}]], "id": "ETmlUpzU"}, {"onMessage": [[{"id": "aG5K7LMj", "inletIndex": 0}, {"id": "dvI2xwm7", "inletIndex": 0}]], "id": "qbcn11JV"}, {"onMessage": [[{"id": "BmiQm1vn", "inletIndex": 0}]], "id": "LtNgOs7l"}, {"onMessage": [[{"id": "h39eYHOh", "inletIndex": 0}]], "id": "6Waf0O7N"}, {"onMessage": [[{"id": "uTu4tArf", "inletIndex": 0}]], "id": "HDENviYB"}, {"onMessage": [[{"id": "LZ3emC9f", "inletIndex": 0}]], "id": "Hux1Qan8"}], "receivers": {"Encoder": {"extern": "param", "attributes": {"default": 0.5, "max": 1.0, "min": 0.0}, "hash": "0x39ADE514", "display": "Encoder", "ids": ["ETmlUpzU"]}, "Button2": {"extern": "param", "attributes": {"default": 0.5, "max": 1.0, "min": 0.0}, "hash": "0x3FE62CA", "display": "Button2", "ids": ["hPiFQeou"]}, "Button1": {"extern": "param", "attributes": {"default": 0.5, "max": 1.0, "min": 0.0}, "hash": "0xB4D78F23", "display": "Button1", "ids": ["14DFN8lv"]}, "Knob1": {"extern": "param", "attributes": {"default": 0.5, "max": 1.0, "min": 0.0}, "hash": "0x62DD3F82", "display": "Knob1", "ids": ["X3aczEul"]}, "Knob2": {"extern": "param", "attributes": {"default": 0.5, "max": 1.0, "min": 0.0}, "hash": "0x6BE4E001", "display": "Knob2", "ids": ["LtNgOs7l"]}, "__hv_init": {"extern": null, "attributes": {}, "hash": "0xCE5CC65B", "display": "__hv_init", "ids": ["ZcAprHXR"]}}}, "tables": {}, "name": {"escaped": "kickdaisy", "display": "kickdaisy"}, "signal": {"numOutputBuffers": 2, "processOrder": [{"inputBuffers": [], "id": "QajiopOH", "outputBuffers": [{"index": 0, "type": "~f>"}]}, {"inputBuffers": [], "id": "wYflOpVx", "outputBuffers": [{"index": 1, "type": "~f>"}]}, {"inputBuffers": [{"index": 0, "type": "~f>"}, {"index": 1, "type": "~f>"}], "id": "CRkN10nr", "outputBuffers": [{"index": 1, "type": "~f>"}]}, {"inputBuffers": [], "id": "Bk4UvQGJ", "outputBuffers": [{"index": 0, "type": "~f>"}]}, {"inputBuffers": [], "id": "4s95jmPC", "outputBuffers": [{"index": 2, "type": "~f>"}]}, {"inputBuffers": [{"index": 1, "type": "~f>"}, {"index": 0, "type": "~f>"}, {"index": 2, "type": "~f>"}], "id": "EFhm6DP9", "outputBuffers": [{"index": 2, "type": "~f>"}]}, {"inputBuffers": [{"index": 2, "type": "~f>"}], "id": "m87X0rNm", "outputBuffers": [{"index": 2, "type": "~f>"}]}, {"inputBuffers": [], "id": "ANuQikGv", "outputBuffers": [{"index": 0, "type": "~f>"}]}, {"inputBuffers": [{"index": 2, "type": "~f>"}, {"index": 0, "type": "~f>"}], "id": "O1wiO4yD", "outputBuffers": [{"index": 0, "type": "~f>"}]}, {"inputBuffers": [{"index": 0, "type": "~f>"}], "id": "QX37f4lN", "outputBuffers": [{"index": 0, "type": "~f>"}]}, {"inputBuffers": [], "id": "YIoka0Vp", "outputBuffers": [{"index": 2, "type": "~f>"}]}, {"inputBuffers": [{"index": 0, "type": "~f>"}, {"index": 2, "type": "~f>"}], "id": "Zuw4OIL8", "outputBuffers": [{"index": 2, "type": "~f>"}]}, {"inputBuffers": [], "id": "mddiGn8N", "outputBuffers": [{"index": 0, "type": "~f>"}]}, {"inputBuffers": [{"index": 2, "type": "~f>"}, {"index": 0, "type": "~f>"}], "id": "q9mVeObp", "outputBuffers": [{"index": 0, "type": "~f>"}]}, {"inputBuffers": [{"index": 0, "type": "~f>"}, {"index": 0, "type": "~f>"}], "id": "OuQclbV3", "outputBuffers": [{"index": 2, "type": "~f>"}]}, {"inputBuffers": [{"index": 0, "type": "~f>"}, {"index": 2, "type": "~f>"}], "id": "i2CFLKGj", "outputBuffers": [{"index": 1, "type": "~f>"}]}, {"inputBuffers": [{"index": 1, "type": "~f>"}, {"index": 2, "type": "~f>"}], "id": "FU4t6MGp", "outputBuffers": [{"index": 2, "type": "~f>"}]}, {"inputBuffers": [], "id": "p9w7Dn3P", "outputBuffers": [{"index": 3, "type": "~f>"}]}, {"inputBuffers": [], "id": "wW4JUKDx", "outputBuffers": [{"index": 4, "type": "~f>"}]}, {"inputBuffers": [{"index": 1, "type": "~f>"}, {"index": 4, "type": "~f>"}, {"index": 0, "type": "~f>"}], "id": "0QU7BDX8", "outputBuffers": [{"index": 0, "type": "~f>"}]}, {"inputBuffers": [{"index": 2, "type": "~f>"}, {"index": 3, "type": "~f>"}, {"index": 0, "type": "~f>"}], "id": "3X5WSjU9", "outputBuffers": [{"index": 0, "type": "~f>"}]}, {"inputBuffers": [], "id": "vortVyaq", "outputBuffers": [{"index": 3, "type": "~f>"}]}, {"inputBuffers": [{"index": 0, "type": "~f>"}, {"index": 3, "type": "~f>"}], "id": "MqbrwmKb", "outputBuffers": [{"index": 3, "type": "~f>"}]}, {"inputBuffers": [], "id": "6ukJSe96", "outputBuffers": [{"index": 0, "type": "~f>"}]}, {"inputBuffers": [{"index": 3, "type": "~f>"}, {"index": 0, "type": "~f>"}], "id": "PF4nJJHu", "outputBuffers": [{"index": 0, "type": "~f>"}]}, {"inputBuffers": [], "id": "crCdnMLG", "outputBuffers": [{"index": 3, "type": "~f>"}]}, {"inputBuffers": [{"index": 0, "type": "~f>"}, {"index": 3, "type": "~f>"}], "id": "NK7ISaxA", "outputBuffers": [{"index": 3, "type": "~f>"}]}, {"inputBuffers": [], "id": "OwtZJorK", "outputBuffers": [{"index": 0, "type": "~f>"}]}, {"inputBuffers": [{"index": 3, "type": "~f>"}, {"index": 0, "type": "~f>"}], "id": "MN4X5aRQ", "outputBuffers": [{"index": 0, "type": "~f>"}]}, {"inputBuffers": [], "id": "lv6FP0Zl", "outputBuffers": [{"index": 3, "type": "~f>"}]}, {"inputBuffers": [{"index": 0, "type": "~f>"}, {"index": 3, "type": "~f>"}], "id": "yCMXCsSr", "outputBuffers": [{"index": 3, "type": "~f>"}]}, {"inputBuffers": [], "id": "1BHQa88z", "outputBuffers": [{"index": 0, "type": "~f>"}]}, {"inputBuffers": [], "id": "RUHB0f5q", "outputBuffers": [{"index": 2, "type": "~f>"}]}, {"inputBuffers": [{"index": 0, "type": "~f>"}, {"index": 2, "type": "~f>"}], "id": "BwE2GoGf", "outputBuffers": [{"index": 2, "type": "~f>"}]}, {"inputBuffers": [{"index": 3, "type": "~f>"}, {"index": 2, "type": "~f>"}], "id": "82EWcEHC", "outputBuffers": [{"index": 2, "type": "~f>"}]}, {"inputBuffers": [{"index": 2, "type": "~f>"}, {"index": 0, "type": "output"}], "id": "p0JUnMdF", "outputBuffers": [{"index": 0, "type": "output"}]}, {"inputBuffers": [{"index": 2, "type": "~f>"}, {"index": 1, "type": "output"}], "id": "e40YP562", "outputBuffers": [{"index": 1, "type": "output"}]}], "numInputBuffers": 0, "numTemporaryBuffers": {"integer": 0, "float": 5}}, "init": {"order": ["QajiopOH", "m87X0rNm", "yCMXCsSr", "1BHQa88z", "NvwNX8kJ", "olKXlU0d", "BmiQm1vn", "no3BbprJ", "q5QF1hVG", "h39eYHOh", "AyOLZXaP", "LZ3emC9f", "35a48ADo", "1hE7kTUl", "A6FvTiy4", "bILoWdVy", "fCmLp9QK", "T2hO66Tg", "qupyOTUc", "PG1mK3q2", "1TlhfSSA", "GYpFbLac", "2MhvddCb", "zxEqQcCp", "eol3Hhva", "Jjqd07GE", "NSsFGi63", "uTu4tArf", "7aNJeyBk", "Jth1ANyg", "6Waf0O7N", "Hux1Qan8"]}, "objects": {"RUHB0f5q": {"args": {"var_id": "uTu4tArf"}, "type": "__varread~f"}, "e40YP562": {"args": {}, "type": "__add~f"}, "82EWcEHC": {"args": {}, "type": "__mul~f"}, "q5QF1hVG": {"args": {"k": 1000.0}, "type": "__add_k"}, "h39eYHOh": {"args": {"k": 0.0}, "type": "__add"}, "olKXlU0d": {"args": {"k": 0.0}, "type": "__eq_k"}, "hXaatIvf": {"args": {}, "type": "__cast_b"}, "ANuQikGv": {"args": {"k": 0.5, "step": 0, "reverse": false}, "type": "__var_k~f"}, "Zuw4OIL8": {"args": {}, "type": "__sub~f"}, "VZOwTwt2": {"args": {"remote": [], "local": [["0"]]}, "type": "__message"}, "4s95jmPC": {"args": {"var_id": "7aNJeyBk"}, "type": "__varread~f"}, "A6FvTiy4": {"args": {"k": 1000.0}, "type": "__var"}, "KBuhISrH": {"args": {"remote": [], "local": [["1"]]}, "type": "__message"}, "GYpFbLac": {"args": {"delay": 10.0}, "type": "__delay"}, "p0JUnMdF": {"args": {}, "type": "__add~f"}, "hehk0wd8": {"args": {"remote": [], "local": [["200"]]}, "type": "__message"}, "PUP2bKOY": {"args": {"cases": ["stop"]}, "type": "__switchcase"}, "dvI2xwm7": {"args": {}, "type": "__cast_b"}, "1BHQa88z": {"args": {}, "type": "__line~f"}, "BmiQm1vn": {"args": {"k": 2000.0}, "type": "__mul_k"}, "ylaj6x4M": {"args": {}, "type": "__cast_b"}, "Jth1ANyg": {"args": {"k": 0}, "type": "__var"}, "elHoHsOb": {"args": {"remote": [], "local": [["clear"]]}, "type": "__message"}, "QajiopOH": {"args": {}, "type": "__line~f"}, "2MhvddCb": {"args": {"values": [0.0, 500.0]}, "type": "__pack"}, "fCmLp9QK": {"args": {"k": 0.0}, "type": "__max_k"}, "wW4JUKDx": {"args": {"k": -0.166666666666667, "step": 0, "reverse": false}, "type": "__var_k~f"}, "AyOLZXaP": {"args": {"k": 0.0}, "type": "__var"}, "BwE2GoGf": {"args": {}, "type": "__pow~f"}, "crCdnMLG": {"args": {"k": -1.0, "step": 0, "reverse": false}, "type": "__var_k~f"}, "NSsFGi63": {"args": {"delay": 10.0}, "type": "__delay"}, "Bk4UvQGJ": {"args": {"var_id": "LZ3emC9f"}, "type": "__varread~f"}, "6ukJSe96": {"args": {"k": 1.0, "step": 0, "reverse": false}, "type": "__var_k~f"}, "eol3Hhva": {"args": {"k": 20.0}, "type": "__add_k"}, "O1wiO4yD": {"args": {}, "type": "__sub~f"}, "OwtZJorK": {"args": {"var_id": "1hE7kTUl"}, "type": "__varread~f"}, "wYflOpVx": {"args": {"var_id": "1TlhfSSA"}, "type": "__varread~f"}, "OuQclbV3": {"args": {}, "type": "__mul~f"}, "i2CFLKGj": {"args": {}, "type": "__mul~f"}, "MqbrwmKb": {"args": {}, "type": "__mul~f"}, "qupyOTUc": {"args": {"k": 0.0}, "type": "__div_k"}, "1TlhfSSA": {"args": {"k": 2.0, "step": 0, "reverse": false}, "type": "__var~f"}, "p9w7Dn3P": {"args": {"k": 0.007833333333333, "step": 0, "reverse": false}, "type": "__var_k~f"}, "LtNgOs7l": {"args": {"extern": "param", "attributes": {"default": 0.5, "max": 1.0, "min": 0.0}, "name": "Knob2"}, "type": "__receive"}, "1l2oS9Kt": {"args": {"remote": [], "local": [["6.28319", "$1"]]}, "type": "__message"}, "14DFN8lv": {"args": {"extern": "param", "attributes": {"default": 0.5, "max": 1.0, "min": 0.0}, "name": "Button1"}, "type": "__receive"}, "5VuGgmK9": {"args": {}, "type": "__cast_b"}, "aG5K7LMj": {"args": {}, "type": "__cast_b"}, "no3BbprJ": {"args": {"k": 5000.0}, "type": "__mul_k"}, "PF4nJJHu": {"args": {}, "type": "__min~f"}, "lv6FP0Zl": {"args": {"var_id": "35a48ADo"}, "type": "__varread~f"}, "EFhm6DP9": {"args": {}, "type": "__fma~f"}, "CRkN10nr": {"args": {}, "type": "__pow~f"}, "Hf6zuQ4R": {"args": {"cases": ["stop"]}, "type": "__switchcase"}, "Jjqd07GE": {"args": {"values": [0.0, 500.0]}, "type": "__pack"}, "CqM7t59s": {"args": {"remote": [], "local": [["1", "5"]]}, "type": "__message"}, "X3aczEul": {"args": {"extern": "param", "attributes": {"default": 0.5, "max": 1.0, "min": 0.0}, "name": "Knob1"}, "type": "__receive"}, "35a48ADo": {"args": {"k": 0.0, "step": 0.0, "name": null, "reverse": false}, "type": "__var~f"}, "PG1mK3q2": {"args": {"k": 0.0}, "type": "__mul"}, "zxEqQcCp": {"args": {"k": 300.0}, "type": "__mul_k"}, "u8gDAcaP": {"args": {"remote": [], "local": [["samplerate"]]}, "type": "__message"}, "1hE7kTUl": {"args": {"k": 0.0, "step": 0.0, "name": null, "reverse": false}, "type": "__var~f"}, "vortVyaq": {"args": {"k": 8.0, "step": 0, "reverse": false}, "type": "__var_k~f"}, "XwolqAcg": {"args": {"remote": [], "local": [["clear"]]}, "type": "__message"}, "NK7ISaxA": {"args": {}, "type": "__max~f"}, "q9mVeObp": {"args": {}, "type": "__mul~f"}, "LZ3emC9f": {"args": {"k": 200.0, "step": 0, "reverse": false}, "type": "__var~f"}, "m87X0rNm": {"args": {"phase": 0, "frequency": 100.0}, "type": "__phasor~f"}, "pO9HE0M8": {"args": {"remote": [], "local": [["1", "5"]]}, "type": "__message"}, "yCMXCsSr": {"args": {}, "type": "__rpole~f"}, "NvwNX8kJ": {"args": {"k": 1.0}, "type": "__var"}, "iLue5QlJ": {"args": {"remote": [], "local": [["3"]]}, "type": "__message"}, "FU4t6MGp": {"args": {}, "type": "__mul~f"}, "Hux1Qan8": {"args": {"k": 0.0}, "type": "__var"}, "3X5WSjU9": {"args": {}, "type": "__fma~f"}, "QX37f4lN": {"args": {}, "type": "__abs~f"}, "0QU7BDX8": {"args": {}, "type": "__fma~f"}, "ZcAprHXR": {"args": {"extern": null, "attributes": {}, "name": "__hv_init"}, "type": "__receive"}, "uTu4tArf": {"args": {"k": 2.0, "step": 0, "reverse": false}, "type": "__var~f"}, "mddiGn8N": {"args": {"k": 6.283185307179586, "step": 0, "reverse": false}, "type": "__var_k~f"}, "YIoka0Vp": {"args": {"k": 0.25, "step": 0, "reverse": false}, "type": "__var_k~f"}, "7aNJeyBk": {"args": {"k": 0.0, "step": 0.0, "name": null, "reverse": false}, "type": "__var~f"}, "ETmlUpzU": {"args": {"extern": "param", "attributes": {"default": 0.5, "max": 1.0, "min": 0.0}, "name": "Encoder"}, "type": "__receive"}, "M4c9nSRh": {"args": {"remote": [], "local": [["-1"]]}, "type": "__message"}, "qbcn11JV": {"args": {}, "type": "__cast_b"}, "bILoWdVy": {"args": {"k": 1.0}, "type": "__min_k"}, "MN4X5aRQ": {"args": {}, "type": "__mul~f"}, "aYQkucnI": {"args": {}, "type": "__system"}, "6Waf0O7N": {"args": {"k": 25.0}, "type": "__mul_k"}, "T2hO66Tg": {"args": {"k": 1.0}, "type": "__sub_k"}, "hPiFQeou": {"args": {"extern": "param", "attributes": {"default": 0.5, "max": 1.0, "min": 0.0}, "name": "Button2"}, "type": "__receive"}, "HDENviYB": {"args": {"remote": [], "local": [["3"]]}, "type": "__message"}}}