{"imports": [], "args": [], "connections": [{"to": {"id": "*~_JYzJ5R7j", "inlet": 1}, "from": {"id": "graph_fJW3Q0su", "outlet": 0}, "type": "~f>"}, {"to": {"id": "dac~_VFzySpXO", "inlet": 0}, "from": {"id": "*~_JYzJ5R7j", "outlet": 0}, "type": "~f>"}, {"to": {"id": "dac~_VFzySpXO", "inlet": 1}, "from": {"id": "*~_JYzJ5R7j", "outlet": 0}, "type": "~f>"}, {"to": {"id": "graph_229agUaD", "inlet": 0}, "from": {"id": "+~_wzt5op7q", "outlet": 0}, "type": "~f>"}, {"to": {"id": "*~_wZPpMDTG", "inlet": 0}, "from": {"id": "graph_50ot0BYc", "outlet": 0}, "type": "~f>"}, {"to": {"id": "graph_50ot0BYc", "inlet": 0}, "from": {"id": "graph_2nytT90r", "outlet": 0}, "type": "-->"}, {"to": {"id": "graph_fJW3Q0su", "inlet": 0}, "from": {"id": "graph_2nytT90r", "outlet": 0}, "type": "-->"}, {"to": {"id": "+~_wzt5op7q", "inlet": 1}, "from": {"id": "*~_wZPpMDTG", "outlet": 0}, "type": "~f>"}, {"to": {"id": "*~_o8ey1skY", "inlet": 0}, "from": {"id": "graph_229agUaD", "outlet": 0}, "type": "~f>"}, {"to": {"id": "graph_DymSsBYh", "inlet": 0}, "from": {"id": "graph_U9zvC28u", "outlet": 0}, "type": "~f>"}, {"to": {"id": "*~_JYzJ5R7j", "inlet": 0}, "from": {"id": "graph_DymSsBYh", "outlet": 0}, "type": "~f>"}, {"to": {"id": "graph_U9zvC28u", "inlet": 0}, "from": {"id": "*~_o8ey1skY", "outlet": 0}, "type": "~f>"}, {"to": {"id": "*_VuT30qt7", "inlet": 0}, "from": {"id": "r_STEZnay0", "outlet": 0}, "type": "-->"}, {"to": {"id": "graph_50ot0BYc", "inlet": 1}, "from": {"id": "msg_ET3LIDVC", "outlet": 0}, "type": "-->"}, {"to": {"id": "*_VuT30qt7", "inlet": 0}, "from": {"id": "graph_cl7tSALx", "outlet": 0}, "type": "-->"}, {"to": {"id": "graph_2nytT90r", "inlet": 0}, "from": {"id": "r_MzIrBgrG", "outlet": 0}, "type": "-->"}, {"to": {"id": "graph_50ot0BYc", "inlet": 2}, "from": {"id": "msg_HzrovsPe", "outlet": 0}, "type": "-->"}, {"to": {"id": "*_h5NX4XAU", "inlet": 0}, "from": {"id": "r_0wst3M7V", "outlet": 0}, "type": "-->"}, {"to": {"id": "+_lj9BiV88", "inlet": 1}, "from": {"id": "graph_xvDtVnnI", "outlet": 0}, "type": "-->"}, {"to": {"id": "*~_wZPpMDTG", "inlet": 1}, "from": {"id": "graph_4Cx5fjVz", "outlet": 0}, "type": "-->"}, {"to": {"id": "*_h5NX4XAU", "inlet": 0}, "from": {"id": "msg_KfKkvMmj", "outlet": 0}, "type": "-->"}, {"to": {"id": "*_h5NX4XAU", "inlet": 0}, "from": {"id": "msg_el7RtIR0", "outlet": 0}, "type": "-->"}, {"to": {"id": "graph_xvDtVnnI", "inlet": 0}, "from": {"id": "msg_ysqc3Hf7", "outlet": 0}, "type": "-->"}, {"to": {"id": "graph_xvDtVnnI", "inlet": 0}, "from": {"id": "+_lj9BiV88", "outlet": 0}, "type": "-->"}, {"to": {"id": "graph_4Cx5fjVz", "inlet": 0}, "from": {"id": "+_lj9BiV88", "outlet": 0}, "type": "-->"}, {"to": {"id": "+_lj9BiV88", "inlet": 0}, "from": {"id": "*_h5NX4XAU", "outlet": 0}, "type": "-->"}, {"to": {"id": "*_Kp6nXk6t", "inlet": 0}, "from": {"id": "r_PnwsVzCL", "outlet": 0}, "type": "-->"}, {"to": {"id": "+_WmkyFtvZ", "inlet": 0}, "from": {"id": "*_Kp6nXk6t", "outlet": 0}, "type": "-->"}, {"to": {"id": "graph_fJW3Q0su", "inlet": 1}, "from": {"id": "+_WmkyFtvZ", "outlet": 0}, "type": "-->"}, {"to": {"id": "graph_fJW3Q0su", "inlet": 2}, "from": {"id": "msg_M3UIstgb", "outlet": 0}, "type": "-->"}, {"to": {"id": "msg_ET3LIDVC", "inlet": 0}, "from": {"id": "graph_vdZH5g2K", "outlet": 0}, "type": "-->"}, {"to": {"id": "msg_HzrovsPe", "inlet": 0}, "from": {"id": "graph_vdZH5g2K", "outlet": 0}, "type": "-->"}, {"to": {"id": "msg_M3UIstgb", "inlet": 0}, "from": {"id": "graph_vdZH5g2K", "outlet": 0}, "type": "-->"}, {"to": {"id": "msg_ysqc3Hf7", "inlet": 0}, "from": {"id": "graph_vdZH5g2K", "outlet": 0}, "type": "-->"}, {"to": {"id": "graph_onp5gISh", "inlet": 0}, "from": {"id": "graph_HtkbxFBq", "outlet": 0}, "type": "-->"}, {"to": {"id": "*_m9tNUFv4", "inlet": 0}, "from": {"id": "graph_onp5gISh", "outlet": 0}, "type": "-->"}, {"to": {"id": "+_qE0teBjE", "inlet": 0}, "from": {"id": "*_m9tNUFv4", "outlet": 0}, "type": "-->"}, {"to": {"id": "graph_DymSsBYh", "inlet": 1}, "from": {"id": "+_qE0teBjE", "outlet": 0}, "type": "-->"}, {"to": {"id": "graph_HtkbxFBq", "inlet": 0}, "from": {"id": "r_hdaLMHyw", "outlet": 0}, "type": "-->"}, {"to": {"id": "+~_wzt5op7q", "inlet": 0}, "from": {"id": "var_9u9lFe6O", "outlet": 0}, "type": "~f>"}, {"to": {"id": "var_9u9lFe6O", "inlet": 0}, "from": {"id": "*_VuT30qt7", "outlet": 0}, "type": "-->"}], "objects": {"comment_IGCk4AFG": {"args": {"text": "tone button"}, "type": "comment", "properties": {"y": 558, "x": 839}, "annotations": {}}, "graph_onp5gISh": {"imports": [], "args": [], "connections": [{"to": {"id": "graph_8iCNUliH", "inlet": 0}, "from": {"id": "inlet_uvgeMwug", "outlet": 0}, "type": "-->"}, {"to": {"id": "graph_8iCNUliH", "inlet": 1}, "from": {"id": "==_kqrXbmc9", "outlet": 0}, "type": "-->"}, {"to": {"id": "==_kqrXbmc9", "inlet": 0}, "from": {"id": "graph_8iCNUliH", "outlet": 0}, "type": "-->"}, {"to": {"id": "outlet_OtxoPSri", "inlet": 0}, "from": {"id": "graph_8iCNUliH", "outlet": 0}, "type": "-->"}], "objects": {"graph_8iCNUliH": {"imports": [], "args": [], "connections": [{"to": {"id": "outlet_nLPplI2m", "inlet": 0}, "from": {"id": "__var_OAhhh4CF", "outlet": 0}, "type": "-->"}, {"to": {"id": "__var_OAhhh4CF", "inlet": 0}, "from": {"id": "inlet_0aEYtg58", "outlet": 0}, "type": "-->"}, {"to": {"id": "__var_OAhhh4CF", "inlet": 1}, "from": {"id": "inlet_6KzVBvrD", "outlet": 0}, "type": "-->"}], "objects": {"comment_V5LkSf9v": {"args": {"text": "@hv_arg \\$1 k float 0 false"}, "type": "comment", "properties": {"y": 119, "x": 11}, "annotations": {}}, "inlet_6KzVBvrD": {"args": {"index": 1, "type": "-->", "name": ""}, "type": "inlet", "properties": {"y": 20, "x": 124}}, "__var_OAhhh4CF": {"args": {"k": 1.0}, "type": "__var", "properties": {"y": 60, "x": 13}, "annotations": {}}, "inlet_0aEYtg58": {"args": {"index": 0, "type": "-->", "name": ""}, "type": "inlet", "properties": {"y": 20, "x": 13}}, "outlet_nLPplI2m": {"args": {"index": 0, "type": "-->", "name": ""}, "type": "outlet", "properties": {"y": 90, "x": 13}}}, "type": "graph", "properties": {"y": 64, "x": 32}}, "outlet_OtxoPSri": {"args": {"index": 0, "type": "-->", "name": ""}, "type": "outlet", "properties": {"y": 96, "x": 32}}, "inlet_uvgeMwug": {"args": {"index": 0, "type": "-->", "name": ""}, "type": "inlet", "properties": {"y": 32, "x": 32}}, "==_kqrXbmc9": {"args": {"k": 0.0}, "type": "==", "properties": {"y": 64, "x": 71}}}, "type": "graph", "properties": {"y": 569, "x": 815}}, "*_VuT30qt7": {"args": {"k": 300.0}, "type": "*", "properties": {"y": 119, "x": 64}}, "r_MzIrBgrG": {"args": {"extern": "param", "attributes": {"default": 0.5, "max": 1.0, "min": 0.0}, "name": "Button1", "priority": 997}, "type": "receive", "properties": {"y": 49, "x": 261}, "annotations": {"scope": "public"}}, "*_m9tNUFv4": {"args": {"k": 5000.0}, "type": "*", "properties": {"y": 589, "x": 815}}, "*~_wZPpMDTG": {"args": {"k": 200.0}, "type": "*", "properties": {"y": 254, "x": 362}}, "*~_JYzJ5R7j": {"args": {"k": 0.0}, "type": "*", "properties": {"y": 530, "x": 414}}, "graph_HtkbxFBq": {"imports": [], "args": [], "connections": [{"to": {"id": "__cast_b_v7btdURx", "inlet": 0}, "from": {"id": "inlet_skfTAj5k", "outlet": 0}, "type": "-->"}, {"to": {"id": "outlet_0Bm7qUXG", "inlet": 0}, "from": {"id": "__cast_b_v7btdURx", "outlet": 0}, "type": "-->"}], "objects": {"__cast_b_v7btdURx": {"args": {}, "type": "__cast_b", "properties": {"y": 33, "x": 9}, "annotations": {}}, "inlet_skfTAj5k": {"args": {"index": 0, "type": "-->", "name": ""}, "type": "inlet", "properties": {"y": 10, "x": 9}}, "outlet_0Bm7qUXG": {"args": {"index": 0, "type": "-->", "name": ""}, "type": "outlet", "properties": {"y": 57, "x": 9}}}, "type": "graph", "properties": {"y": 541, "x": 815}}, "msg_M3UIstgb": {"args": {"remote": [], "local": [["3"]]}, "type": "message", "properties": {"y": 360, "x": 617}}, "comment_Gb7DpL9T": {"args": {"text": "decay"}, "type": "comment", "properties": {"y": 376, "x": 793}, "annotations": {}}, "graph_cl7tSALx": {"imports": [], "args": [], "connections": [{"to": {"id": "graph_8acsRB17", "inlet": 0}, "from": {"id": "inlet_2iuPJ2UZ", "outlet": 0}, "type": "-->"}, {"to": {"id": "outlet_QKqT91oB", "inlet": 0}, "from": {"id": "graph_8acsRB17", "outlet": 0}, "type": "-->"}], "objects": {"inlet_2iuPJ2UZ": {"args": {"index": 0, "type": "-->", "name": ""}, "type": "inlet", "properties": {"y": 9, "x": 17}}, "graph_8acsRB17": {"imports": [], "args": [], "connections": [{"to": {"id": "outlet_hOzHQef8", "inlet": 0}, "from": {"id": "__var_4kcwW3I2", "outlet": 0}, "type": "-->"}, {"to": {"id": "__var_4kcwW3I2", "inlet": 0}, "from": {"id": "inlet_9ANfEcT7", "outlet": 0}, "type": "-->"}, {"to": {"id": "__var_4kcwW3I2", "inlet": 1}, "from": {"id": "inlet_sYFfApq1", "outlet": 0}, "type": "-->"}], "objects": {"__var_4kcwW3I2": {"args": {"k": 0.0}, "type": "__var", "properties": {"y": 60, "x": 13}, "annotations": {}}, "inlet_9ANfEcT7": {"args": {"index": 0, "type": "-->", "name": ""}, "type": "inlet", "properties": {"y": 20, "x": 13}}, "inlet_sYFfApq1": {"args": {"index": 1, "type": "-->", "name": ""}, "type": "inlet", "properties": {"y": 20, "x": 124}}, "outlet_hOzHQef8": {"args": {"index": 0, "type": "-->", "name": ""}, "type": "outlet", "properties": {"y": 90, "x": 13}}, "comment_HNCxoDGO": {"args": {"text": "@hv_arg \\$1 k float 0 false"}, "type": "comment", "properties": {"y": 119, "x": 11}, "annotations": {}}}, "type": "graph", "properties": {"y": 32, "x": 17}}, "outlet_QKqT91oB": {"args": {"index": 0, "type": "-->", "name": ""}, "type": "outlet", "properties": {"y": 55, "x": 17}}, "comment_CHlIPvru": {"args": {"text": "@hv_arg \\$1 k float 0 false"}, "type": "comment", "properties": {"y": 76, "x": 15}, "annotations": {}}}, "type": "graph", "properties": {"y": 115, "x": 233}}, "graph_U9zvC28u": {"imports": [], "args": [], "connections": [{"to": {"id": "min~_ziDarQSN", "inlet": 0}, "from": {"id": "inlet~_u9fPsIJH", "outlet": 0}, "type": "~f>"}, {"to": {"id": "max~_3hecvqEZ", "inlet": 1}, "from": {"id": "inlet_t2Zv919k", "outlet": 0}, "type": "-->"}, {"to": {"id": "min~_ziDarQSN", "inlet": 1}, "from": {"id": "inlet_KxgbkBsr", "outlet": 0}, "type": "-->"}, {"to": {"id": "max~_3hecvqEZ", "inlet": 0}, "from": {"id": "min~_ziDarQSN", "outlet": 0}, "type": "~f>"}, {"to": {"id": "outlet~_MBoldcT6", "inlet": 0}, "from": {"id": "max~_3hecvqEZ", "outlet": 0}, "type": "~f>"}], "objects": {"inlet_KxgbkBsr": {"args": {"index": 2, "type": "-->", "name": ""}, "type": "inlet", "properties": {"y": 14, "x": 104}}, "min~_ziDarQSN": {"args": {"k": 1.0}, "type": "min", "properties": {"y": 39, "x": 14}}, "comment_KLevPVxZ": {"args": {"text": "@hv_arg \\$1 lower_threshold float 0 false"}, "type": "comment", "properties": {"y": 118, "x": 14}, "annotations": {}}, "max~_3hecvqEZ": {"args": {"k": -1.0}, "type": "max", "properties": {"y": 66, "x": 14}}, "outlet~_MBoldcT6": {"args": {"index": 0, "type": "~f>", "name": ""}, "type": "outlet", "properties": {"y": 92, "x": 14}}, "inlet_t2Zv919k": {"args": {"index": 1, "type": "-->", "name": ""}, "type": "inlet", "properties": {"y": 14, "x": 61}}, "comment_2iCCUI9g": {"args": {"text": "@hv_arg \\$2 upper_threshold float 1 false"}, "type": "comment", "properties": {"y": 133, "x": 14}, "annotations": {}}, "inlet~_u9fPsIJH": {"args": {"index": 0, "type": "~f>", "name": ""}, "type": "inlet", "properties": {"y": 14, "x": 14}}}, "type": "graph", "properties": {"y": 447, "x": 328}}, "*_Kp6nXk6t": {"args": {"k": 2000.0}, "type": "*", "properties": {"y": 358, "x": 735}}, "comment_2f0K5xS3": {"args": {"text": "pitch"}, "type": "comment", "properties": {"y": 152, "x": 165}, "annotations": {}}, "+~_wzt5op7q": {"args": {"k": 0.0}, "type": "+", "properties": {"y": 285, "x": 335}}, "*~_o8ey1skY": {"args": {"k": 8.0}, "type": "*", "properties": {"y": 415, "x": 319}}, "graph_229agUaD": {"imports": [], "args": [], "connections": [{"to": {"id": "*~_JK6g7xvU", "inlet": 0}, "from": {"id": "*~_zYUwAAnP", "outlet": 0}, "type": "~f>"}, {"to": {"id": "*~_GvkVFt1S", "inlet": 0}, "from": {"id": "*~_zYUwAAnP", "outlet": 0}, "type": "~f>"}, {"to": {"id": "*~_DkMr93Z6", "inlet": 0}, "from": {"id": "*~_JK6g7xvU", "outlet": 0}, "type": "~f>"}, {"to": {"id": "*~_JK6g7xvU", "inlet": 1}, "from": {"id": "*~_EZcSJjis", "outlet": 0}, "type": "~f>"}, {"to": {"id": "*~_zYUwAAnP", "inlet": 1}, "from": {"id": "*~_EZcSJjis", "outlet": 0}, "type": "~f>"}, {"to": {"id": "outlet~_mlPiFyIy", "inlet": 0}, "from": {"id": "+~_SwTY9Ktl", "outlet": 0}, "type": "~f>"}, {"to": {"id": "-~_syRUZtQ4", "inlet": 0}, "from": {"id": "graph_o4srKzBm", "outlet": 0}, "type": "~f>"}, {"to": {"id": "graph_o4srKzBm", "inlet": 0}, "from": {"id": "-~_njXsb557", "outlet": 0}, "type": "~f>"}, {"to": {"id": "*~_EZcSJjis", "inlet": 0}, "from": {"id": "*~_tIjAcFQL", "outlet": 0}, "type": "~f>"}, {"to": {"id": "*~_EZcSJjis", "inlet": 1}, "from": {"id": "*~_tIjAcFQL", "outlet": 0}, "type": "~f>"}, {"to": {"id": "*~_zYUwAAnP", "inlet": 0}, "from": {"id": "*~_tIjAcFQL", "outlet": 0}, "type": "~f>"}, {"to": {"id": "+~_dgdt1WNF", "inlet": 0}, "from": {"id": "*~_tIjAcFQL", "outlet": 0}, "type": "~f>"}, {"to": {"id": "*~_tIjAcFQL", "inlet": 0}, "from": {"id": "-~_syRUZtQ4", "outlet": 0}, "type": "~f>"}, {"to": {"id": "phasor_cKIIhLHh", "inlet": 1}, "from": {"id": "inlet_8dfYv6j6", "outlet": 0}, "type": "-->"}, {"to": {"id": "phasor_cKIIhLHh", "inlet": 0}, "from": {"id": "inlet_aHQOr2LL", "outlet": 0}, "type": "-~>"}, {"to": {"id": "+~_SwTY9Ktl", "inlet": 1}, "from": {"id": "*~_DkMr93Z6", "outlet": 0}, "type": "~f>"}, {"to": {"id": "-~_njXsb557", "inlet": 0}, "from": {"id": "phasor_cKIIhLHh", "outlet": 0}, "type": "~f>"}, {"to": {"id": "+~_dgdt1WNF", "inlet": 1}, "from": {"id": "*~_GvkVFt1S", "outlet": 0}, "type": "~f>"}, {"to": {"id": "+~_SwTY9Ktl", "inlet": 0}, "from": {"id": "+~_dgdt1WNF", "outlet": 0}, "type": "~f>"}], "objects": {"comment_Sd3FrYfI": {"args": {"text": "x^3"}, "type": "comment", "properties": {"y": 178, "x": 57}, "annotations": {}}, "+~_SwTY9Ktl": {"args": {"k": 0.0}, "type": "+", "properties": {"y": 276, "x": 18}}, "phasor_cKIIhLHh": {"args": {"frequency": 100.0}, "type": "phasor", "properties": {"y": 33, "x": 18}, "annotations": {}}, "-~_syRUZtQ4": {"args": {"k": 0.25}, "type": "-", "properties": {"y": 99, "x": 18}}, "+~_dgdt1WNF": {"args": {"k": 0.0}, "type": "+", "properties": {"y": 254, "x": 18}}, "comment_kuJWT1MU": {"args": {"text": "[-0.25 \\, +0.25]"}, "type": "comment", "properties": {"y": 98, "x": 67}, "annotations": {}}, "comment_U7PSePhU": {"args": {"text": "@hv_arg \\$1 frequency float 440 false"}, "type": "comment", "properties": {"y": 320, "x": 17}, "annotations": {}}, "comment_t3VjuhTB": {"args": {"text": "x^2"}, "type": "comment", "properties": {"y": 153, "x": 74}, "annotations": {}}, "outlet~_mlPiFyIy": {"args": {"index": 0, "type": "~f>", "name": ""}, "type": "outlet", "properties": {"y": 299, "x": 18}}, "comment_2eZgj5Nl": {"args": {"text": "a cosine oscillator"}, "type": "comment", "properties": {"y": 335, "x": 16}, "annotations": {}}, "comment_8OpNzkFN": {"args": {"text": "-5% to adjust for taylor expansion"}, "type": "comment", "properties": {"y": 278, "x": 44}, "annotations": {}}, "comment_HGCCf0yK": {"args": {"text": "x"}, "type": "comment", "properties": {"y": 122, "x": 85}, "annotations": {}}, "*~_JK6g7xvU": {"args": {"k": 0.0}, "type": "*", "properties": {"y": 231, "x": 44}}, "*~_GvkVFt1S": {"args": {"k": -0.166666666666667}, "type": "*", "properties": {"y": 202, "x": 33}}, "*~_EZcSJjis": {"args": {"k": 0.0}, "type": "*", "properties": {"y": 154, "x": 48}}, "graph_o4srKzBm": {"imports": [], "args": [], "connections": [{"to": {"id": "outlet~_hf8Hnjwf", "inlet": 0}, "from": {"id": "__abs~f_qSjoRqGY", "outlet": 0}, "type": "~f>"}, {"to": {"id": "__abs~f_qSjoRqGY", "inlet": 0}, "from": {"id": "inlet~_jwMieKBu", "outlet": 0}, "type": "~f>"}], "objects": {"inlet~_jwMieKBu": {"args": {"index": 0, "type": "~f>", "name": ""}, "type": "inlet", "properties": {"y": 20, "x": 13}}, "outlet~_hf8Hnjwf": {"args": {"index": 0, "type": "~f>", "name": ""}, "type": "outlet", "properties": {"y": 80, "x": 13}}, "__abs~f_qSjoRqGY": {"args": {}, "type": "__abs~f", "properties": {"y": 50, "x": 13}, "annotations": {}}}, "type": "graph", "properties": {"y": 78, "x": 18}}, "*~_zYUwAAnP": {"args": {"k": 0.0}, "type": "*", "properties": {"y": 178, "x": 33}}, "*~_tIjAcFQL": {"args": {"k": 6.283185307179586}, "type": "*", "properties": {"y": 122, "x": 18}}, "-~_njXsb557": {"args": {"k": 0.5}, "type": "-", "properties": {"y": 56, "x": 18}}, "comment_N6fMYSS7": {"args": {"text": "x^5"}, "type": "comment", "properties": {"y": 231, "x": 68}, "annotations": {}}, "inlet_aHQOr2LL": {"args": {"index": 0, "type": "-~>", "name": ""}, "type": "inlet", "properties": {"y": 9, "x": 18}}, "inlet_8dfYv6j6": {"args": {"index": 1, "type": "-->", "name": ""}, "type": "inlet", "properties": {"y": 9, "x": 135}}, "*~_DkMr93Z6": {"args": {"k": 0.007833333333333}, "type": "*", "properties": {"y": 255, "x": 44}}}, "type": "graph", "properties": {"y": 321, "x": 336}}, "graph_DymSsBYh": {"imports": [], "args": [], "connections": [{"to": {"id": "trigger_EPAuzwOe", "inlet": 0}, "from": {"id": "graph_yB5uY87T", "outlet": 0}, "type": "-->"}, {"to": {"id": "*~_e3aUsrYO", "inlet": 0}, "from": {"id": "inlet~_ZEKOJ63L", "outlet": 0}, "type": "~f>"}, {"to": {"id": "graph_5jvEKIAN", "inlet": 0}, "from": {"id": "graph_7fJGX0q6", "outlet": 0}, "type": "-->"}, {"to": {"id": "graph_5DrvM25z", "inlet": 0}, "from": {"id": "graph_5jvEKIAN", "outlet": 0}, "type": "-->"}, {"to": {"id": "__rpole~f_O2kqnjZG", "inlet": 0}, "from": {"id": "*~_e3aUsrYO", "outlet": 0}, "type": "~f>"}, {"to": {"id": "graph_7fJGX0q6", "inlet": 0}, "from": {"id": "inlet_aFo5WKoG", "outlet": 0}, "type": "-->"}, {"to": {"id": "__rpole~f_O2kqnjZG", "inlet": 1}, "from": {"id": "graph_EFl29Fn6", "outlet": 0}, "type": "~f>"}, {"to": {"id": "trigger_Pr9V8vXm", "inlet": 0}, "from": {"id": "graph_5DrvM25z", "outlet": 0}, "type": "-->"}, {"to": {"id": "-_qFW5wK4m", "inlet": 0}, "from": {"id": "trigger_Pr9V8vXm", "outlet": 1}, "type": "-->"}, {"to": {"id": "graph_7fJGX0q6", "inlet": 0}, "from": {"id": "trigger_EPAuzwOe", "outlet": 0}, "type": "-->"}, {"to": {"id": "graph_5jvEKIAN", "inlet": 1}, "from": {"id": "trigger_EPAuzwOe", "outlet": 1}, "type": "-->"}, {"to": {"id": "outlet~_XvrZpBOY", "inlet": 0}, "from": {"id": "__rpole~f_O2kqnjZG", "outlet": 0}, "type": "~f>"}, {"to": {"id": "graph_EFl29Fn6", "inlet": 0}, "from": {"id": "-_qFW5wK4m", "outlet": 0}, "type": "-->"}, {"to": {"id": "*~_e3aUsrYO", "inlet": 1}, "from": {"id": "var_6dQZAQ9P", "outlet": 0}, "type": "~f>"}, {"to": {"id": "var_6dQZAQ9P", "inlet": 0}, "from": {"id": "trigger_Pr9V8vXm", "outlet": 0}, "type": "-->"}], "objects": {"var_6dQZAQ9P": {"args": {"k": 0.0}, "type": "var", "properties": {"y": 222, "x": 23}, "annotations": {}}, "inlet~_ZEKOJ63L": {"args": {"index": 0, "type": "~f>", "name": ""}, "type": "inlet", "properties": {"y": 22, "x": 23}}, "*~_e3aUsrYO": {"args": {"k": 0.0}, "type": "*", "properties": {"y": 227, "x": 23}}, "graph_EFl29Fn6": {"imports": [], "args": [], "connections": [{"to": {"id": "var_fC7zeOao", "inlet": 0}, "from": {"id": "inlet_hE7QH4Fw", "outlet": 0}, "type": "-->"}, {"to": {"id": "outlet~_z1ZxTfy6", "inlet": 0}, "from": {"id": "var_fC7zeOao", "outlet": 0}, "type": "~f>"}], "objects": {"var_fC7zeOao": {"args": {}, "type": "var", "properties": {"y": 34, "x": 9}, "annotations": {}}, "outlet~_z1ZxTfy6": {"args": {"index": 0, "type": "~f>", "name": ""}, "type": "outlet", "properties": {"y": 57, "x": 9}}, "inlet_hE7QH4Fw": {"args": {"index": 0, "type": "-->", "name": ""}, "type": "inlet", "properties": {"y": 11, "x": 9}}, "comment_X2IhWiwE": {"args": {"text": "@hv_arg \\$1 k float 0 false"}, "type": "comment", "properties": {"y": 78, "x": 7}, "annotations": {}}}, "type": "graph", "properties": {"y": 274, "x": 140}}, "inlet_aFo5WKoG": {"args": {"index": 1, "type": "-->", "name": ""}, "type": "inlet", "properties": {"y": 47, "x": 38}}, "trigger_EPAuzwOe": {"args": {"casts": ["a", "a"]}, "type": "sequence", "properties": {"y": 95, "x": 62}}, "outlet~_XvrZpBOY": {"args": {"index": 0, "type": "~f>", "name": ""}, "type": "outlet", "properties": {"y": 325, "x": 23}}, "comment_q3uHRa3M": {"args": {"text": "@hv_arg \\$1 fc float 22050 false"}, "type": "comment", "properties": {"y": 347, "x": 21}, "annotations": {}}, "-_qFW5wK4m": {"args": {"k": 1.0}, "type": "-", "properties": {"y": 250, "x": 140}}, "graph_7fJGX0q6": {"imports": [], "args": [], "connections": [{"to": {"id": "outlet_KzxoFWeY", "inlet": 0}, "from": {"id": "__var_2fQj1FAL", "outlet": 0}, "type": "-->"}, {"to": {"id": "__var_2fQj1FAL", "inlet": 0}, "from": {"id": "inlet_vNtkpMoY", "outlet": 0}, "type": "-->"}, {"to": {"id": "__var_2fQj1FAL", "inlet": 1}, "from": {"id": "inlet_yBvWvINY", "outlet": 0}, "type": "-->"}], "objects": {"inlet_yBvWvINY": {"args": {"index": 1, "type": "-->", "name": ""}, "type": "inlet", "properties": {"y": 20, "x": 124}}, "outlet_KzxoFWeY": {"args": {"index": 0, "type": "-->", "name": ""}, "type": "outlet", "properties": {"y": 90, "x": 13}}, "comment_BX7aQj5N": {"args": {"text": "@hv_arg \\$1 k float 0 false"}, "type": "comment", "properties": {"y": 119, "x": 11}, "annotations": {}}, "__var_2fQj1FAL": {"args": {"k": 1000.0}, "type": "__var", "properties": {"y": 60, "x": 13}, "annotations": {}}, "inlet_vNtkpMoY": {"args": {"index": 0, "type": "-->", "name": ""}, "type": "inlet", "properties": {"y": 20, "x": 13}}}, "type": "graph", "properties": {"y": 125, "x": 38}}, "graph_5DrvM25z": {"imports": [], "args": [], "connections": [{"to": {"id": "max_hFcyswFL", "inlet": 1}, "from": {"id": "inlet_1fBJFDZ0", "outlet": 0}, "type": "-->"}, {"to": {"id": "min_ybgOEzyI", "inlet": 1}, "from": {"id": "inlet_I0HZM209", "outlet": 0}, "type": "-->"}, {"to": {"id": "max_hFcyswFL", "inlet": 0}, "from": {"id": "min_ybgOEzyI", "outlet": 0}, "type": "-->"}, {"to": {"id": "outlet_Baeo01wW", "inlet": 0}, "from": {"id": "max_hFcyswFL", "outlet": 0}, "type": "-->"}, {"to": {"id": "min_ybgOEzyI", "inlet": 0}, "from": {"id": "inlet_1cFqSpUu", "outlet": 0}, "type": "-->"}], "objects": {"comment_knGSeRDZ": {"args": {"text": "@hv_arg \\$2 upper_threshold float 1 false"}, "type": "comment", "properties": {"y": 133, "x": 14}, "annotations": {}}, "inlet_1fBJFDZ0": {"args": {"index": 1, "type": "-->", "name": ""}, "type": "inlet", "properties": {"y": 14, "x": 61}}, "comment_GIitCYl4": {"args": {"text": "@hv_arg \\$1 lower_threshold float 0 false"}, "type": "comment", "properties": {"y": 118, "x": 14}, "annotations": {}}, "inlet_I0HZM209": {"args": {"index": 2, "type": "-->", "name": ""}, "type": "inlet", "properties": {"y": 14, "x": 104}}, "min_ybgOEzyI": {"args": {"k": 1.0}, "type": "min", "properties": {"y": 39, "x": 14}}, "inlet_1cFqSpUu": {"args": {"index": 0, "type": "-->", "name": ""}, "type": "inlet", "properties": {"y": 14, "x": 14}}, "outlet_Baeo01wW": {"args": {"index": 0, "type": "-->", "name": ""}, "type": "outlet", "properties": {"y": 92, "x": 14}}, "max_hFcyswFL": {"args": {"k": 0.0}, "type": "max", "properties": {"y": 66, "x": 14}}}, "type": "graph", "properties": {"y": 176, "x": 38}}, "trigger_Pr9V8vXm": {"args": {"casts": ["a", "a"]}, "type": "sequence", "properties": {"y": 202, "x": 38}}, "graph_yB5uY87T": {"imports": [], "args": [], "connections": [{"to": {"id": "outlet_7L1B6rNV", "inlet": 0}, "from": {"id": "r_Ufad3VKb", "outlet": 0}, "type": "-->"}], "objects": {"r_Ufad3VKb": {"args": {"extern": null, "attributes": {}, "name": "__hv_init", "priority": 2999}, "type": "receive", "properties": {"y": 11, "x": 12}, "annotations": {"scope": "public"}}, "comment_FVNLGEEp": {"args": {"text": "@hv_arg \\$1 priority int 0 false"}, "type": "comment", "properties": {"y": 58, "x": 12}, "annotations": {}}, "outlet_7L1B6rNV": {"args": {"index": 0, "type": "-->", "name": ""}, "type": "outlet", "properties": {"y": 34, "x": 12}}}, "type": "graph", "properties": {"y": 70, "x": 62}}, "graph_5jvEKIAN": {"imports": [], "args": [], "connections": [{"to": {"id": "msg_IKtapDqD", "inlet": 0}, "from": {"id": "graph_hLSnTMhX", "outlet": 0}, "type": "-->"}, {"to": {"id": "outlet_apnramxb", "inlet": 0}, "from": {"id": "*_cRVuf7VT", "outlet": 0}, "type": "-->"}, {"to": {"id": "*_cRVuf7VT", "inlet": 0}, "from": {"id": "inlet_Z0Ish5Di", "outlet": 0}, "type": "-->"}, {"to": {"id": "graph_hLSnTMhX", "inlet": 0}, "from": {"id": "inlet_jDpxNevr", "outlet": 0}, "type": "-->"}, {"to": {"id": "*_cRVuf7VT", "inlet": 1}, "from": {"id": "/_jcPrJ3vf", "outlet": 0}, "type": "-->"}, {"to": {"id": "/_jcPrJ3vf", "inlet": 0}, "from": {"id": "msg_IKtapDqD", "outlet": 0}, "type": "-->"}], "objects": {"outlet_apnramxb": {"args": {"index": 0, "type": "-->", "name": ""}, "type": "outlet", "properties": {"y": 178, "x": 28}}, "msg_IKtapDqD": {"args": {"remote": [], "local": [["6.28319", "$1"]]}, "type": "message", "properties": {"y": 76, "x": 88}}, "inlet_jDpxNevr": {"args": {"index": 1, "type": "-->", "name": ""}, "type": "inlet", "properties": {"y": 20, "x": 88}}, "inlet_Z0Ish5Di": {"args": {"index": 0, "type": "-->", "name": ""}, "type": "inlet", "properties": {"y": 20, "x": 28}}, "/_jcPrJ3vf": {"args": {"k": 0.0}, "type": "/", "properties": {"y": 108, "x": 88}}, "*_cRVuf7VT": {"args": {"k": 0.0}, "type": "*", "properties": {"y": 148, "x": 28}}, "graph_hLSnTMhX": {"imports": [], "args": [], "connections": [{"to": {"id": "msg_PLis7MRf", "inlet": 0}, "from": {"id": "inlet_uDn7qhmI", "outlet": 0}, "type": "-->"}, {"to": {"id": "system_ydOWaASi", "inlet": 0}, "from": {"id": "msg_PLis7MRf", "outlet": 0}, "type": "-->"}, {"to": {"id": "outlet_BbGIeeNH", "inlet": 0}, "from": {"id": "system_ydOWaASi", "outlet": 0}, "type": "-->"}], "objects": {"outlet_BbGIeeNH": {"args": {"index": 0, "type": "-->", "name": ""}, "type": "outlet", "properties": {"y": 84, "x": 19}}, "inlet_uDn7qhmI": {"args": {"index": 0, "type": "-->", "name": ""}, "type": "inlet", "properties": {"y": 11, "x": 19}}, "system_ydOWaASi": {"args": {}, "type": "system", "properties": {"y": 59, "x": 19}, "annotations": {}}, "msg_PLis7MRf": {"args": {"remote": [], "local": [["samplerate"]]}, "type": "message", "properties": {"y": 35, "x": 19}}}, "type": "graph", "properties": {"y": 50, "x": 88}}}, "type": "graph", "properties": {"y": 68, "x": 870}}, "__rpole~f_O2kqnjZG": {"args": {}, "type": "__rpole~f", "properties": {"y": 298, "x": 23}, "annotations": {}}}, "type": "graph", "properties": {"y": 480, "x": 351}}, "graph_50ot0BYc": {"imports": [], "args": [], "connections": [{"to": {"id": "pow~_FY10gsTo", "inlet": 0}, "from": {"id": "graph_VG5kx3wp", "outlet": 0}, "type": "~f>"}, {"to": {"id": "msg_LvlKeExp", "inlet": 0}, "from": {"id": "graph_ct1CoAbT", "outlet": 0}, "type": "-->"}, {"to": {"id": "graph_xP7Jo33n", "inlet": 0}, "from": {"id": "graph_ct1CoAbT", "outlet": 0}, "type": "-->"}, {"to": {"id": "graph_VG5kx3wp", "inlet": 0}, "from": {"id": "msg_LvlKeExp", "outlet": 0}, "type": "-->"}, {"to": {"id": "pack_0DrgLiZi", "inlet": 0}, "from": {"id": "graph_xP7Jo33n", "outlet": 0}, "type": "-->"}, {"to": {"id": "graph_VG5kx3wp", "inlet": 0}, "from": {"id": "pack_0DrgLiZi", "outlet": 0}, "type": "-->"}, {"to": {"id": "outlet~_dXFw76uN", "inlet": 0}, "from": {"id": "pow~_FY10gsTo", "outlet": 0}, "type": "~f>"}, {"to": {"id": "graph_ct1CoAbT", "inlet": 0}, "from": {"id": "inlet_PbYeAnUp", "outlet": 0}, "type": "-->"}, {"to": {"id": "pack_0DrgLiZi", "inlet": 1}, "from": {"id": "inlet_0uNLHhA5", "outlet": 0}, "type": "-->"}, {"to": {"id": "pow~_FY10gsTo", "inlet": 1}, "from": {"id": "inlet_VOZXQgoC", "outlet": 0}, "type": "-->"}], "objects": {"pow~_FY10gsTo": {"args": {"k": 2.0}, "type": "pow", "properties": {"y": 181, "x": 57}}, "inlet_0uNLHhA5": {"args": {"index": 1, "type": "-->", "name": ""}, "type": "inlet", "properties": {"y": 30, "x": 124}}, "graph_xP7Jo33n": {"imports": [], "args": [], "connections": [{"to": {"id": "graph_noAzUzyf", "inlet": 0}, "from": {"id": "inlet_IHpPpXr7", "outlet": 0}, "type": "-->"}, {"to": {"id": "graph_noAzUzyf", "inlet": 1}, "from": {"id": "inlet_KtpKubXk", "outlet": 0}, "type": "-->"}, {"to": {"id": "outlet_hIgbwlXZ", "inlet": 0}, "from": {"id": "graph_noAzUzyf", "outlet": 0}, "type": "-->"}], "objects": {"outlet_hIgbwlXZ": {"args": {"index": 0, "type": "-->", "name": ""}, "type": "outlet", "properties": {"y": 67, "x": 13}}, "inlet_KtpKubXk": {"args": {"index": 1, "type": "-->", "name": ""}, "type": "inlet", "properties": {"y": 16, "x": 58}}, "inlet_IHpPpXr7": {"args": {"index": 0, "type": "-->", "name": ""}, "type": "inlet", "properties": {"y": 16, "x": 13}}, "graph_noAzUzyf": {"imports": [], "args": [], "connections": [{"to": {"id": "__switchcase_RShSDVLP", "inlet": 0}, "from": {"id": "inlet_RWAmbcqH", "outlet": 0}, "type": "-->"}, {"to": {"id": "__delay_9MuGXn66", "inlet": 1}, "from": {"id": "inlet_vP3BCl72", "outlet": 0}, "type": "-->"}, {"to": {"id": "msg_PiyFRgSR", "inlet": 0}, "from": {"id": "__switchcase_RShSDVLP", "outlet": 0}, "type": "-->"}, {"to": {"id": "trigger_xRtYZ6yG", "inlet": 0}, "from": {"id": "__switchcase_RShSDVLP", "outlet": 1}, "type": "-->"}, {"to": {"id": "__delay_9MuGXn66", "inlet": 0}, "from": {"id": "msg_PiyFRgSR", "outlet": 0}, "type": "-->"}, {"to": {"id": "outlet_YlBMAyhw", "inlet": 0}, "from": {"id": "__delay_9MuGXn66", "outlet": 0}, "type": "-->"}, {"to": {"id": "__delay_9MuGXn66", "inlet": 0}, "from": {"id": "trigger_xRtYZ6yG", "outlet": 0}, "type": "-->"}, {"to": {"id": "__delay_9MuGXn66", "inlet": 1}, "from": {"id": "trigger_xRtYZ6yG", "outlet": 1}, "type": "-->"}, {"to": {"id": "msg_PiyFRgSR", "inlet": 0}, "from": {"id": "trigger_xRtYZ6yG", "outlet": 2}, "type": "-->"}], "objects": {"inlet_vP3BCl72": {"args": {"index": 1, "type": "-->", "name": ""}, "type": "inlet", "properties": {"y": 20, "x": 144}}, "inlet_RWAmbcqH": {"args": {"index": 0, "type": "-->", "name": ""}, "type": "inlet", "properties": {"y": 20, "x": 21}}, "__switchcase_RShSDVLP": {"args": {"cases": ["stop"]}, "type": "__switchcase", "properties": {"y": 43, "x": 21}}, "trigger_xRtYZ6yG": {"args": {"casts": ["b", "a", "a"]}, "type": "sequence", "properties": {"y": 67, "x": 186}}, "comment_RnYe57yR": {"args": {"text": "@hv_arg \\$1 delay float 0 false"}, "type": "comment", "properties": {"y": 221, "x": 67}, "annotations": {}}, "__delay_9MuGXn66": {"args": {"delay": 10.0}, "type": "__delay", "properties": {"y": 196, "x": 21}, "annotations": {}}, "msg_PiyFRgSR": {"args": {"remote": [], "local": [["clear"]]}, "type": "message", "properties": {"y": 149, "x": 21}}, "outlet_YlBMAyhw": {"args": {"index": 0, "type": "-->", "name": ""}, "type": "outlet", "properties": {"y": 221, "x": 21}}}, "type": "graph", "properties": {"y": 42, "x": 13}}, "comment_ZuLUYKPv": {"args": {"text": "@hv_arg \\$1 delay float 0 false"}, "type": "comment", "properties": {"y": 94, "x": 12}, "annotations": {}}}, "type": "graph", "properties": {"y": 89, "x": 57}}, "inlet_VOZXQgoC": {"args": {"index": 2, "type": "-->", "name": ""}, "type": "inlet", "properties": {"y": 30, "x": 173}}, "msg_LvlKeExp": {"args": {"remote": [], "local": [["1", "5"]]}, "type": "message", "properties": {"y": 112, "x": 23}}, "inlet_PbYeAnUp": {"args": {"index": 0, "type": "-->", "name": ""}, "type": "inlet", "properties": {"y": 31, "x": 57}}, "graph_VG5kx3wp": {"imports": [], "args": [], "connections": [{"to": {"id": "__line~f_D9hhVh1S", "inlet": 0}, "from": {"id": "inlet_lvAnOaXH", "outlet": 0}, "type": "-->"}, {"to": {"id": "__line~f_D9hhVh1S", "inlet": 1}, "from": {"id": "inlet_LfKdr81D", "outlet": 0}, "type": "-->"}, {"to": {"id": "outlet~_DsdVctfq", "inlet": 0}, "from": {"id": "__line~f_D9hhVh1S", "outlet": 0}, "type": "~f>"}], "objects": {"__line~f_D9hhVh1S": {"args": {}, "type": "__line~f", "properties": {"y": 58, "x": 24}, "annotations": {}}, "inlet_LfKdr81D": {"args": {"index": 1, "type": "-->", "name": ""}, "type": "inlet", "properties": {"y": 28, "x": 135}}, "outlet~_DsdVctfq": {"args": {"index": 0, "type": "~f>", "name": ""}, "type": "outlet", "properties": {"y": 88, "x": 24}}, "inlet_lvAnOaXH": {"args": {"index": 0, "type": "-->", "name": ""}, "type": "inlet", "properties": {"y": 28, "x": 24}}}, "type": "graph", "properties": {"y": 146, "x": 57}}, "pack_0DrgLiZi": {"args": {"values": [0.0, 500.0]}, "type": "__pack", "properties": {"y": 112, "x": 57}}, "graph_ct1CoAbT": {"imports": [], "args": [], "connections": [{"to": {"id": "__cast_b_l660dRpe", "inlet": 0}, "from": {"id": "inlet_KfCtKqoR", "outlet": 0}, "type": "-->"}, {"to": {"id": "outlet_bRi1rSAq", "inlet": 0}, "from": {"id": "__cast_b_l660dRpe", "outlet": 0}, "type": "-->"}], "objects": {"inlet_KfCtKqoR": {"args": {"index": 0, "type": "-->", "name": ""}, "type": "inlet", "properties": {"y": 10, "x": 9}}, "outlet_bRi1rSAq": {"args": {"index": 0, "type": "-->", "name": ""}, "type": "outlet", "properties": {"y": 57, "x": 9}}, "__cast_b_l660dRpe": {"args": {}, "type": "__cast_b", "properties": {"y": 33, "x": 9}, "annotations": {}}}, "type": "graph", "properties": {"y": 69, "x": 57}}, "outlet~_dXFw76uN": {"args": {"index": 0, "type": "~f>", "name": ""}, "type": "outlet", "properties": {"y": 217, "x": 57}}}, "type": "graph", "properties": {"y": 23, "x": 0}}, "r_0wst3M7V": {"args": {"extern": "param", "attributes": {"default": 0.5, "max": 1.0, "min": 0.0}, "name": "Encoder", "priority": 996}, "type": "receive", "properties": {"y": 87, "x": 743}, "annotations": {"scope": "public"}}, "+_qE0teBjE": {"args": {"k": 1000.0}, "type": "+", "properties": {"y": 612, "x": 815}}, "*_h5NX4XAU": {"args": {"k": 25.0}, "type": "*", "properties": {"y": 160, "x": 743}}, "comment_7H0gc8hc": {"args": {"text": "trigger"}, "type": "comment", "properties": {"y": 80, "x": 349}, "annotations": {}}, "comment_2f4dSibO": {"args": {"text": "pitch amt"}, "type": "comment", "properties": {"y": 152, "x": 804}, "annotations": {}}, "+_lj9BiV88": {"args": {"k": 0.0}, "type": "+", "properties": {"y": 184, "x": 769}}, "graph_vdZH5g2K": {"imports": [], "args": [], "connections": [{"to": {"id": "outlet_1CvOvDVe", "inlet": 0}, "from": {"id": "r_CC6wurMU", "outlet": 0}, "type": "-->"}], "objects": {"outlet_1CvOvDVe": {"args": {"index": 0, "type": "-->", "name": ""}, "type": "outlet", "properties": {"y": 34, "x": 12}}, "r_CC6wurMU": {"args": {"extern": null, "attributes": {}, "name": "__hv_init", "priority": 1994}, "type": "receive", "properties": {"y": 11, "x": 12}, "annotations": {"scope": "public"}}, "comment_GloYWoG5": {"args": {"text": "@hv_arg \\$1 priority int 0 false"}, "type": "comment", "properties": {"y": 58, "x": 12}, "annotations": {}}}, "type": "graph", "properties": {"y": 86, "x": 601}}, "r_hdaLMHyw": {"args": {"extern": "param", "attributes": {"default": 0.5, "max": 1.0, "min": 0.0}, "name": "Button2", "priority": 993}, "type": "receive", "properties": {"y": 513, "x": 808}, "annotations": {"scope": "public"}}, "msg_el7RtIR0": {"args": {"remote": [], "local": [["-1"]]}, "type": "message", "properties": {"y": 125, "x": 799}}, "r_PnwsVzCL": {"args": {"extern": "param", "attributes": {"default": 0.5, "max": 1.0, "min": 0.0}, "name": "Knob2", "priority": 995}, "type": "receive", "properties": {"y": 335, "x": 735}, "annotations": {"scope": "public"}}, "r_STEZnay0": {"args": {"extern": "param", "attributes": {"default": 0.5, "max": 1.0, "min": 0.0}, "name": "Knob1", "priority": 998}, "type": "receive", "properties": {"y": 96, "x": 64}, "annotations": {"scope": "public"}}, "graph_fJW3Q0su": {"imports": [], "args": [], "connections": [{"to": {"id": "pow~_QRtLIggv", "inlet": 0}, "from": {"id": "graph_2BFg9pcR", "outlet": 0}, "type": "~f>"}, {"to": {"id": "msg_Fml631ex", "inlet": 0}, "from": {"id": "graph_320qgfSA", "outlet": 0}, "type": "-->"}, {"to": {"id": "graph_10lFQp5F", "inlet": 0}, "from": {"id": "graph_320qgfSA", "outlet": 0}, "type": "-->"}, {"to": {"id": "graph_2BFg9pcR", "inlet": 0}, "from": {"id": "msg_Fml631ex", "outlet": 0}, "type": "-->"}, {"to": {"id": "pack_WNYh1V0q", "inlet": 0}, "from": {"id": "graph_10lFQp5F", "outlet": 0}, "type": "-->"}, {"to": {"id": "graph_2BFg9pcR", "inlet": 0}, "from": {"id": "pack_WNYh1V0q", "outlet": 0}, "type": "-->"}, {"to": {"id": "outlet~_PhsUvW1U", "inlet": 0}, "from": {"id": "pow~_QRtLIggv", "outlet": 0}, "type": "~f>"}, {"to": {"id": "graph_320qgfSA", "inlet": 0}, "from": {"id": "inlet_BcTy8CK8", "outlet": 0}, "type": "-->"}, {"to": {"id": "pack_WNYh1V0q", "inlet": 1}, "from": {"id": "inlet_mJIjgbaa", "outlet": 0}, "type": "-->"}, {"to": {"id": "pow~_QRtLIggv", "inlet": 1}, "from": {"id": "inlet_yTVcrYeu", "outlet": 0}, "type": "-->"}], "objects": {"graph_2BFg9pcR": {"imports": [], "args": [], "connections": [{"to": {"id": "__line~f_iYleIsT5", "inlet": 0}, "from": {"id": "inlet_miKJKX2O", "outlet": 0}, "type": "-->"}, {"to": {"id": "__line~f_iYleIsT5", "inlet": 1}, "from": {"id": "inlet_4Ef5P5ro", "outlet": 0}, "type": "-->"}, {"to": {"id": "outlet~_6xGuXzSr", "inlet": 0}, "from": {"id": "__line~f_iYleIsT5", "outlet": 0}, "type": "~f>"}], "objects": {"__line~f_iYleIsT5": {"args": {}, "type": "__line~f", "properties": {"y": 58, "x": 24}, "annotations": {}}, "inlet_4Ef5P5ro": {"args": {"index": 1, "type": "-->", "name": ""}, "type": "inlet", "properties": {"y": 28, "x": 135}}, "inlet_miKJKX2O": {"args": {"index": 0, "type": "-->", "name": ""}, "type": "inlet", "properties": {"y": 28, "x": 24}}, "outlet~_6xGuXzSr": {"args": {"index": 0, "type": "~f>", "name": ""}, "type": "outlet", "properties": {"y": 88, "x": 24}}}, "type": "graph", "properties": {"y": 146, "x": 57}}, "inlet_mJIjgbaa": {"args": {"index": 1, "type": "-->", "name": ""}, "type": "inlet", "properties": {"y": 30, "x": 124}}, "inlet_yTVcrYeu": {"args": {"index": 2, "type": "-->", "name": ""}, "type": "inlet", "properties": {"y": 30, "x": 173}}, "pack_WNYh1V0q": {"args": {"values": [0.0, 500.0]}, "type": "__pack", "properties": {"y": 112, "x": 57}}, "graph_320qgfSA": {"imports": [], "args": [], "connections": [{"to": {"id": "__cast_b_ewM3xBiX", "inlet": 0}, "from": {"id": "inlet_n7rMGXFQ", "outlet": 0}, "type": "-->"}, {"to": {"id": "outlet_72PbyttO", "inlet": 0}, "from": {"id": "__cast_b_ewM3xBiX", "outlet": 0}, "type": "-->"}], "objects": {"__cast_b_ewM3xBiX": {"args": {}, "type": "__cast_b", "properties": {"y": 33, "x": 9}, "annotations": {}}, "outlet_72PbyttO": {"args": {"index": 0, "type": "-->", "name": ""}, "type": "outlet", "properties": {"y": 57, "x": 9}}, "inlet_n7rMGXFQ": {"args": {"index": 0, "type": "-->", "name": ""}, "type": "inlet", "properties": {"y": 10, "x": 9}}}, "type": "graph", "properties": {"y": 69, "x": 57}}, "graph_10lFQp5F": {"imports": [], "args": [], "connections": [{"to": {"id": "graph_onhs6wWb", "inlet": 0}, "from": {"id": "inlet_BVsKQq1H", "outlet": 0}, "type": "-->"}, {"to": {"id": "graph_onhs6wWb", "inlet": 1}, "from": {"id": "inlet_0q4cqYUE", "outlet": 0}, "type": "-->"}, {"to": {"id": "outlet_c8KoF5fK", "inlet": 0}, "from": {"id": "graph_onhs6wWb", "outlet": 0}, "type": "-->"}], "objects": {"comment_SQBcgyjJ": {"args": {"text": "@hv_arg \\$1 delay float 0 false"}, "type": "comment", "properties": {"y": 94, "x": 12}, "annotations": {}}, "inlet_0q4cqYUE": {"args": {"index": 1, "type": "-->", "name": ""}, "type": "inlet", "properties": {"y": 16, "x": 58}}, "outlet_c8KoF5fK": {"args": {"index": 0, "type": "-->", "name": ""}, "type": "outlet", "properties": {"y": 67, "x": 13}}, "graph_onhs6wWb": {"imports": [], "args": [], "connections": [{"to": {"id": "__switchcase_CXJY1tLC", "inlet": 0}, "from": {"id": "inlet_NCo4zg9L", "outlet": 0}, "type": "-->"}, {"to": {"id": "__delay_JUT8SGPd", "inlet": 1}, "from": {"id": "inlet_sm1UawNV", "outlet": 0}, "type": "-->"}, {"to": {"id": "msg_XOZM5pFs", "inlet": 0}, "from": {"id": "__switchcase_CXJY1tLC", "outlet": 0}, "type": "-->"}, {"to": {"id": "trigger_BWcqexTH", "inlet": 0}, "from": {"id": "__switchcase_CXJY1tLC", "outlet": 1}, "type": "-->"}, {"to": {"id": "__delay_JUT8SGPd", "inlet": 0}, "from": {"id": "msg_XOZM5pFs", "outlet": 0}, "type": "-->"}, {"to": {"id": "outlet_eb94VVFp", "inlet": 0}, "from": {"id": "__delay_JUT8SGPd", "outlet": 0}, "type": "-->"}, {"to": {"id": "__delay_JUT8SGPd", "inlet": 0}, "from": {"id": "trigger_BWcqexTH", "outlet": 0}, "type": "-->"}, {"to": {"id": "__delay_JUT8SGPd", "inlet": 1}, "from": {"id": "trigger_BWcqexTH", "outlet": 1}, "type": "-->"}, {"to": {"id": "msg_XOZM5pFs", "inlet": 0}, "from": {"id": "trigger_BWcqexTH", "outlet": 2}, "type": "-->"}], "objects": {"outlet_eb94VVFp": {"args": {"index": 0, "type": "-->", "name": ""}, "type": "outlet", "properties": {"y": 221, "x": 21}}, "inlet_sm1UawNV": {"args": {"index": 1, "type": "-->", "name": ""}, "type": "inlet", "properties": {"y": 20, "x": 144}}, "inlet_NCo4zg9L": {"args": {"index": 0, "type": "-->", "name": ""}, "type": "inlet", "properties": {"y": 20, "x": 21}}, "msg_XOZM5pFs": {"args": {"remote": [], "local": [["clear"]]}, "type": "message", "properties": {"y": 149, "x": 21}}, "comment_hSX7K6BN": {"args": {"text": "@hv_arg \\$1 delay float 0 false"}, "type": "comment", "properties": {"y": 221, "x": 67}, "annotations": {}}, "__switchcase_CXJY1tLC": {"args": {"cases": ["stop"]}, "type": "__switchcase", "properties": {"y": 43, "x": 21}}, "__delay_JUT8SGPd": {"args": {"delay": 10.0}, "type": "__delay", "properties": {"y": 196, "x": 21}, "annotations": {}}, "trigger_BWcqexTH": {"args": {"casts": ["b", "a", "a"]}, "type": "sequence", "properties": {"y": 67, "x": 186}}}, "type": "graph", "properties": {"y": 42, "x": 13}}, "inlet_BVsKQq1H": {"args": {"index": 0, "type": "-->", "name": ""}, "type": "inlet", "properties": {"y": 16, "x": 13}}}, "type": "graph", "properties": {"y": 89, "x": 57}}, "msg_Fml631ex": {"args": {"remote": [], "local": [["1", "5"]]}, "type": "message", "properties": {"y": 112, "x": 23}}, "outlet~_PhsUvW1U": {"args": {"index": 0, "type": "~f>", "name": ""}, "type": "outlet", "properties": {"y": 217, "x": 57}}, "inlet_BcTy8CK8": {"args": {"index": 0, "type": "-->", "name": ""}, "type": "inlet", "properties": {"y": 31, "x": 57}}, "pow~_QRtLIggv": {"args": {"k": 2.0}, "type": "pow", "properties": {"y": 181, "x": 57}}}, "type": "graph", "properties": {"y": 23, "x": 0}}, "msg_KfKkvMmj": {"args": {"remote": [], "local": [["1"]]}, "type": "message", "properties": {"y": 125, "x": 765}}, "graph_xvDtVnnI": {"imports": [], "args": [], "connections": [{"to": {"id": "outlet_zqL0bi0W", "inlet": 0}, "from": {"id": "__var_sg7BEjyR", "outlet": 0}, "type": "-->"}, {"to": {"id": "__var_sg7BEjyR", "inlet": 0}, "from": {"id": "inlet_02BqLrBt", "outlet": 0}, "type": "-->"}, {"to": {"id": "__var_sg7BEjyR", "inlet": 1}, "from": {"id": "inlet_Xe3G2rSy", "outlet": 0}, "type": "-->"}], "objects": {"inlet_Xe3G2rSy": {"args": {"index": 1, "type": "-->", "name": ""}, "type": "inlet", "properties": {"y": 20, "x": 124}}, "comment_SwQLQHux": {"args": {"text": "@hv_arg \\$1 k float 0 false"}, "type": "comment", "properties": {"y": 119, "x": 11}, "annotations": {}}, "inlet_02BqLrBt": {"args": {"index": 0, "type": "-->", "name": ""}, "type": "inlet", "properties": {"y": 20, "x": 13}}, "outlet_zqL0bi0W": {"args": {"index": 0, "type": "-->", "name": ""}, "type": "outlet", "properties": {"y": 90, "x": 13}}, "__var_sg7BEjyR": {"args": {}, "type": "__var", "properties": {"y": 60, "x": 13}, "annotations": {}}}, "type": "graph", "properties": {"y": 185, "x": 741}}, "msg_ET3LIDVC": {"args": {"remote": [], "local": [["200"]]}, "type": "message", "properties": {"y": 175, "x": 457}}, "dac~_VFzySpXO": {"args": {"channels": [1, 2]}, "type": "dac", "properties": {"y": 597, "x": 417}}, "graph_2nytT90r": {"imports": [], "args": [], "connections": [{"to": {"id": "__cast_b_axKLbETh", "inlet": 0}, "from": {"id": "inlet_jN4Nb3ZV", "outlet": 0}, "type": "-->"}, {"to": {"id": "outlet_PmgycHjD", "inlet": 0}, "from": {"id": "__cast_b_axKLbETh", "outlet": 0}, "type": "-->"}], "objects": {"outlet_PmgycHjD": {"args": {"index": 0, "type": "-->", "name": ""}, "type": "outlet", "properties": {"y": 57, "x": 9}}, "inlet_jN4Nb3ZV": {"args": {"index": 0, "type": "-->", "name": ""}, "type": "inlet", "properties": {"y": 10, "x": 9}}, "__cast_b_axKLbETh": {"args": {}, "type": "__cast_b", "properties": {"y": 33, "x": 9}, "annotations": {}}}, "type": "graph", "properties": {"y": 150, "x": 416}}, "msg_ysqc3Hf7": {"args": {"remote": [], "local": [["0"]]}, "type": "message", "properties": {"y": 141, "x": 662}}, "msg_HzrovsPe": {"args": {"remote": [], "local": [["3"]]}, "type": "message", "properties": {"y": 175, "x": 501}}, "+_WmkyFtvZ": {"args": {"k": 20.0}, "type": "+", "properties": {"y": 381, "x": 735}}, "var_9u9lFe6O": {"args": {"k": 0.0}, "type": "var", "properties": {"y": 280, "x": 335}, "annotations": {}}, "graph_4Cx5fjVz": {"imports": [], "args": [], "connections": [{"to": {"id": "graph_VryBe4Mg", "inlet": 0}, "from": {"id": "inlet_MRS6sfuu", "outlet": 0}, "type": "-->"}, {"to": {"id": "outlet_zB3Rtr03", "inlet": 0}, "from": {"id": "graph_VryBe4Mg", "outlet": 0}, "type": "-->"}], "objects": {"comment_TUS2kIfy": {"args": {"text": "@hv_arg \\$1 k float 0 false"}, "type": "comment", "properties": {"y": 76, "x": 15}, "annotations": {}}, "graph_VryBe4Mg": {"imports": [], "args": [], "connections": [{"to": {"id": "outlet_8LueH6NW", "inlet": 0}, "from": {"id": "__var_eV1BuRyB", "outlet": 0}, "type": "-->"}, {"to": {"id": "__var_eV1BuRyB", "inlet": 0}, "from": {"id": "inlet_3dNOlSOS", "outlet": 0}, "type": "-->"}, {"to": {"id": "__var_eV1BuRyB", "inlet": 1}, "from": {"id": "inlet_0MFO3YLi", "outlet": 0}, "type": "-->"}], "objects": {"outlet_8LueH6NW": {"args": {"index": 0, "type": "-->", "name": ""}, "type": "outlet", "properties": {"y": 90, "x": 13}}, "inlet_0MFO3YLi": {"args": {"index": 1, "type": "-->", "name": ""}, "type": "inlet", "properties": {"y": 20, "x": 124}}, "comment_vxQEdGjM": {"args": {"text": "@hv_arg \\$1 k float 0 false"}, "type": "comment", "properties": {"y": 119, "x": 11}, "annotations": {}}, "inlet_3dNOlSOS": {"args": {"index": 0, "type": "-->", "name": ""}, "type": "inlet", "properties": {"y": 20, "x": 13}}, "__var_eV1BuRyB": {"args": {"k": 0.0}, "type": "__var", "properties": {"y": 60, "x": 13}, "annotations": {}}}, "type": "graph", "properties": {"y": 32, "x": 17}}, "inlet_MRS6sfuu": {"args": {"index": 0, "type": "-->", "name": ""}, "type": "inlet", "properties": {"y": 9, "x": 17}}, "outlet_zB3Rtr03": {"args": {"index": 0, "type": "-->", "name": ""}, "type": "outlet", "properties": {"y": 55, "x": 17}}}, "type": "graph", "properties": {"y": 213, "x": 769}}}, "type": "graph", "properties": {"y": 0, "x": 0}}